Iteration,Matrix Size,Execution Time (s)
9,100,0.006815
9,200,0.052772
9,400,0.413214
9,800,3.574252
9,1600,15.374681
9,3200,113.80167
9,6400,916.208562
10,100,0.00315
10,200,0.02572
10,400,0.203116
10,800,1.620099
10,1600,13.017756
10,3200,114.910319
10,6400,934.986881
3,100,0.003304
3,200,0.026373
3,400,0.202815
3,800,1.621743
3,1600,13.166467
